<?xml version="1.0"?>
<cena version="0.8.2"><result judgetime="41075.9806592593"><problem title="chan" filename="chan.cpp" status="1" hash="387657114" detail=""><testcase status="7" exitcode="0" detail="" time="0" memory="2400" score="10"/><testcase status="7" exitcode="0" detail="" time="0" memory="2392" score="10"/><testcase status="7" exitcode="0" detail="" time="0" memory="2388" score="10"/><testcase status="7" exitcode="0" detail="" time="0.01" memory="2396" score="10"/><testcase status="7" exitcode="0" detail="" time="0.01" memory="2396" score="10"/><testcase status="7" exitcode="0" detail="" time="0.04" memory="2392" score="10"/><testcase status="7" exitcode="0" detail="" time="0" memory="2388" score="10"/><testcase status="7" exitcode="0" detail="" time="0.06" memory="2392" score="10"/><testcase status="7" exitcode="0" detail="" time="0.04" memory="2396" score="10"/><testcase status="7" exitcode="0" detail="" time="0.04" memory="2400" score="10"/></problem><problem title="jump" filename="jump.cpp" status="1" hash="1934963321" detail=""><testcase status="7" exitcode="0" detail="" time="0" memory="3280" score="10"/><testcase status="7" exitcode="0" detail="" time="0" memory="3272" score="10"/><testcase status="7" exitcode="0" detail="" time="0" memory="3280" score="10"/><testcase status="7" exitcode="0" detail="" time="0" memory="3276" score="10"/><testcase status="7" exitcode="0" detail="" time="0.06" memory="3272" score="10"/><testcase status="7" exitcode="0" detail="" time="0.12" memory="3276" score="10"/><testcase status="7" exitcode="0" detail="" time="0.09" memory="3280" score="10"/><testcase status="7" exitcode="0" detail="" time="0.14" memory="3276" score="10"/><testcase status="7" exitcode="0" detail="" time="0.09" memory="3272" score="10"/><testcase status="7" exitcode="0" detail="" time="0.07" memory="3280" score="10"/></problem><problem title="tower" filename="tower.cpp" status="1" hash="1264301150" detail=""><testcase status="7" exitcode="0" detail="" time="0.01" memory="8280" score="10"/><testcase status="7" exitcode="0" detail="" time="0" memory="8276" score="10"/><testcase status="7" exitcode="0" detail="" time="0" memory="8284" score="10"/><testcase status="7" exitcode="0" detail="" time="0" memory="8276" score="10"/><testcase status="7" exitcode="0" detail="" time="0.01" memory="8280" score="10"/><testcase status="7" exitcode="0" detail="" time="0" memory="8284" score="10"/><testcase status="7" exitcode="0" detail="" time="0.06" memory="8284" score="10"/><testcase status="7" exitcode="0" detail="" time="0.06" memory="8280" score="10"/><testcase status="7" exitcode="0" detail="" time="0.06" memory="8276" score="10"/><testcase status="7" exitcode="0" detail="" time="0.06" memory="8276" score="10"/></problem><problem title="maze" filename="maze.cpp" status="1" hash="3445177522" detail=""><testcase status="7" exitcode="0" detail="" time="0" memory="4376" score="10"/><testcase status="7" exitcode="0" detail="" time="0" memory="4372" score="10"/><testcase status="7" exitcode="0" detail="" time="0" memory="4368" score="10"/><testcase status="7" exitcode="0" detail="" time="0" memory="4376" score="10"/><testcase status="7" exitcode="0" detail="" time="0" memory="4368" score="10"/><testcase status="7" exitcode="0" detail="" time="0" memory="4372" score="10"/><testcase status="7" exitcode="0" detail="" time="0" memory="4372" score="10"/><testcase status="7" exitcode="0" detail="" time="0.01" memory="4668" score="10"/><testcase status="7" exitcode="0" detail="" time="0" memory="4524" score="10"/><testcase status="7" exitcode="0" detail="" time="0.01" memory="4616" score="10"/></problem></result></cena>
